overlap_volume,min_x,min_y,min_z,max_x,max_y,max_z
24840,693720,265158,203200,718720,290158,228200
23845,668720,290158,128200,693720,315158,153200
24869,693720,290158,128200,718720,315158,153200
27976,768720,315158,203200,793720,340158,228200
29031,793720,340158,178200,818720,365158,203200
29032,793720,340158,203200,818720,365158,228200
28007,768720,340158,178200,793720,365158,203200
27975,768720,315158,178200,793720,340158,203200
30023,818720,315158,178200,843720,340158,203200
23813,668720,265158,128200,693720,290158,153200
24837,693720,265158,128200,718720,290158,153200
23844,668720,290158,103200,693720,315158,128200
23846,668720,290158,153200,693720,315158,178200
28006,768720,340158,153200,793720,365158,178200
27974,768720,315158,153200,793720,340158,178200
25893,718720,290158,128200,743720,315158,153200
23816,668720,265158,203200,693720,290158,228200
24868,693720,290158,103200,718720,315158,128200
25892,718720,290158,103200,743720,315158,128200
23848,668720,290158,203200,693720,315158,228200
25860,718720,265158,103200,743720,290158,128200
25861,718720,265158,128200,743720,290158,153200
25891,718720,290158,78200,743720,315158,103200
23879,668720,315158,178200,693720,340158,203200
23847,668720,290158,178200,693720,315158,203200
24901,693720,315158,128200,718720,340158,153200
24872,693720,290158,203200,718720,315158,228200
24871,693720,290158,178200,718720,315158,203200
23880,668720,315158,203200,693720,340158,228200
24903,693720,315158,178200,718720,340158,203200
24902,693720,315158,153200,718720,340158,178200
25927,718720,315158,178200,743720,340158,203200
24870,693720,290158,153200,718720,315158,178200
5285,218720,190158,128200,243720,215158,153200
5317,218720,215158,128200,243720,240158,153200
25926,718720,315158,153200,743720,340158,178200
5287,218720,190158,178200,243720,215158,203200
5319,218720,215158,178200,243720,240158,203200
4294,193720,215158,153200,218720,240158,178200
4293,193720,215158,128200,218720,240158,153200
26920,743720,290158,203200,768720,315158,228200
26888,743720,265158,203200,768720,290158,228200
27944,768720,290158,203200,793720,315158,228200
27912,768720,265158,203200,793720,290158,228200
25862,718720,265158,153200,743720,290158,178200
25863,718720,265158,178200,743720,290158,203200
26887,743720,265158,178200,768720,290158,203200
27943,768720,290158,178200,793720,315158,203200
26918,743720,290158,153200,768720,315158,178200
27911,768720,265158,178200,793720,290158,203200
26919,743720,290158,178200,768720,315158,203200
26886,743720,265158,153200,768720,290158,178200
13573,418720,265158,128200,443720,290158,153200
13605,418720,290158,128200,443720,315158,153200
13572,418720,265158,103200,443720,290158,128200
13571,418720,265158,78200,443720,290158,103200
27880,768720,240158,203200,793720,265158,228200
28967,793720,290158,178200,818720,315158,203200
28966,793720,290158,153200,818720,315158,178200
28998,793720,315158,153200,818720,340158,178200
27940,768720,290158,103200,793720,315158,128200
14629,443720,290158,128200,468720,315158,153200
14598,443720,265158,153200,468720,290158,178200
14597,443720,265158,128200,468720,290158,153200
14630,443720,290158,153200,468720,315158,178200
15653,468720,290158,128200,493720,315158,153200
14628,443720,290158,103200,468720,315158,128200
15621,468720,265158,128200,493720,290158,153200
26951,743720,315158,178200,768720,340158,203200
26983,743720,340158,178200,768720,365158,203200
26982,743720,340158,153200,768720,365158,178200
28038,768720,365158,153200,793720,390158,178200
25864,718720,265158,203200,743720,290158,228200
30055,818720,340158,178200,843720,365158,203200
22791,643720,265158,178200,668720,290158,203200
22792,643720,265158,203200,668720,290158,228200
24900,693720,315158,103200,718720,340158,128200
25800,718720,215158,203200,743720,240158,228200
26792,743720,190158,203200,768720,215158,228200
25768,718720,190158,203200,743720,215158,228200
26791,743720,190158,178200,768720,215158,203200
26824,743720,215158,203200,768720,240158,228200
7433,268720,265158,228200,293720,290158,253200
7401,268720,240158,228200,293720,265158,253200
29000,793720,315158,203200,818720,340158,228200
28008,768720,340158,203200,793720,365158,228200
25928,718720,315158,203200,743720,340158,228200
25896,718720,290158,203200,743720,315158,228200
26950,743720,315158,153200,768720,340158,178200
23814,668720,265158,153200,693720,290158,178200
8327,293720,165158,178200,318720,190158,203200
10409,343720,190158,228200,368720,215158,253200
8328,293720,165158,203200,318720,190158,228200
7271,268720,140158,178200,293720,165158,203200
9385,318720,190158,228200,343720,215158,253200
7303,268720,165158,178200,293720,190158,203200
25767,718720,190158,178200,743720,215158,203200
25798,718720,215158,153200,743720,240158,178200
26854,743720,240158,153200,768720,265158,178200
26822,743720,215158,153200,768720,240158,178200
25894,718720,290158,153200,743720,315158,178200
22854,643720,315158,153200,668720,340158,178200
23878,668720,315158,153200,693720,340158,178200
25766,718720,190158,153200,743720,215158,178200
23910,668720,340158,153200,693720,365158,178200
23877,668720,315158,128200,693720,340158,153200
25799,718720,215158,178200,743720,240158,203200
25831,718720,240158,178200,743720,265158,203200
25830,718720,240158,153200,743720,265158,178200
22886,643720,340158,153200,668720,365158,178200
25895,718720,290158,178200,743720,315158,203200
26884,743720,265158,103200,768720,290158,128200
26916,743720,290158,103200,768720,315158,128200
26915,743720,290158,78200,768720,315158,103200
27939,768720,290158,78200,793720,315158,103200
26883,743720,265158,78200,768720,290158,103200
27907,768720,265158,78200,793720,290158,103200
27908,768720,265158,103200,793720,290158,128200
28968,793720,290158,203200,818720,315158,228200
30024,818720,315158,203200,843720,340158,228200
11427,368720,190158,78200,393720,215158,103200
11459,368720,215158,78200,393720,240158,103200
11460,368720,215158,103200,393720,240158,128200
12420,393720,165158,103200,418720,190158,128200
12483,393720,215158,78200,418720,240158,103200
12452,393720,190158,103200,418720,215158,128200
12515,393720,240158,78200,418720,265158,103200
12451,393720,190158,78200,418720,215158,103200
14468,443720,165158,103200,468720,190158,128200
15524,468720,190158,103200,493720,215158,128200
12484,393720,215158,103200,418720,240158,128200
13508,418720,215158,103200,443720,240158,128200
11397,368720,165158,128200,393720,190158,153200
14500,443720,190158,103200,468720,215158,128200
12419,393720,165158,78200,418720,190158,103200
13412,418720,140158,103200,443720,165158,128200
16548,493720,190158,103200,518720,215158,128200
11396,368720,165158,103200,393720,190158,128200
12388,393720,140158,103200,418720,165158,128200
13507,418720,215158,78200,443720,240158,103200
11428,368720,190158,103200,393720,215158,128200
13509,418720,215158,128200,443720,240158,153200
13476,418720,190158,103200,443720,215158,128200
12516,393720,240158,103200,418720,265158,128200
14596,443720,265158,103200,468720,290158,128200
23911,668720,340158,178200,693720,365158,203200
1414,118720,365158,153200,143720,390158,178200
390,93720,365158,153200,118720,390158,178200
18728,543720,290158,203200,568720,315158,228200
19751,568720,290158,178200,593720,315158,203200
18727,543720,290158,178200,568720,315158,203200
18760,543720,315158,203200,568720,340158,228200
22787,643720,265158,78200,668720,290158,103200
23811,668720,265158,78200,693720,290158,103200
23842,668720,290158,53200,693720,315158,78200
23843,668720,290158,78200,693720,315158,103200
23810,668720,265158,53200,693720,290158,78200
22819,643720,290158,78200,668720,315158,103200
22788,643720,265158,103200,668720,290158,128200
23812,668720,265158,103200,693720,290158,128200
22820,643720,290158,103200,668720,315158,128200
18758,543720,315158,153200,568720,340158,178200
19781,568720,315158,128200,593720,340158,153200
20805,593720,315158,128200,618720,340158,153200
21828,618720,315158,103200,643720,340158,128200
20804,593720,315158,103200,618720,340158,128200
16676,493720,290158,103200,518720,315158,128200
16708,493720,315158,103200,518720,340158,128200
17732,518720,315158,103200,543720,340158,128200
16707,493720,315158,78200,518720,340158,103200
17700,518720,290158,103200,543720,315158,128200
17731,518720,315158,78200,543720,340158,103200
12548,393720,265158,103200,418720,290158,128200
12547,393720,265158,78200,418720,290158,103200
12546,393720,265158,53200,418720,290158,78200
11525,368720,265158,128200,393720,290158,153200
12517,393720,240158,128200,418720,265158,153200
12549,393720,265158,128200,418720,290158,153200
12581,393720,290158,128200,418720,315158,153200
13604,418720,290158,103200,443720,315158,128200
11524,368720,265158,103200,393720,290158,128200
12579,393720,290158,78200,418720,315158,103200
12580,393720,290158,103200,418720,315158,128200
16677,493720,290158,128200,518720,315158,153200
16709,493720,315158,128200,518720,340158,153200
17734,518720,315158,153200,543720,340158,178200
17733,518720,315158,128200,543720,340158,153200
17701,518720,290158,128200,543720,315158,153200
18724,543720,290158,103200,568720,315158,128200
15620,468720,265158,103200,493720,290158,128200
18725,543720,290158,128200,568720,315158,153200
16710,493720,315158,153200,518720,340158,178200
16644,493720,265158,103200,518720,290158,128200
17735,518720,315158,178200,543720,340158,203200
28935,793720,265158,178200,818720,290158,203200
28934,793720,265158,153200,818720,290158,178200
29958,818720,265158,153200,843720,290158,178200
25958,718720,340158,153200,743720,365158,178200
25957,718720,340158,128200,743720,365158,153200
20709,593720,240158,128200,618720,265158,153200
21733,618720,240158,128200,643720,265158,153200
21734,618720,240158,153200,643720,265158,178200
20675,593720,215158,78200,618720,240158,103200
20674,593720,215158,53200,618720,240158,78200
20707,593720,240158,78200,618720,265158,103200
20708,593720,240158,103200,618720,265158,128200
13540,418720,240158,103200,443720,265158,128200
13606,418720,290158,153200,443720,315158,178200
14566,443720,240158,153200,468720,265158,178200
13543,418720,240158,178200,443720,265158,203200
13575,418720,265158,178200,443720,290158,203200
14567,443720,240158,178200,468720,265158,203200
14565,443720,240158,128200,468720,265158,153200
14631,443720,290158,178200,468720,315158,203200
15654,468720,290158,153200,493720,315158,178200
15687,468720,315158,178200,493720,340158,203200
13541,418720,240158,128200,443720,265158,153200
15655,468720,290158,178200,493720,315158,203200
16712,493720,315158,203200,518720,340158,228200
19784,568720,315158,203200,593720,340158,228200
19752,568720,290158,203200,593720,315158,228200
19783,568720,315158,178200,593720,340158,203200
20775,593720,290158,178200,618720,315158,203200
12485,393720,215158,128200,418720,240158,153200
24904,693720,315158,203200,718720,340158,228200
17538,518720,165158,53200,543720,190158,78200
18562,543720,165158,53200,568720,190158,78200
18531,543720,140158,78200,568720,165158,103200
18563,543720,165158,78200,568720,190158,103200
19586,568720,165158,53200,593720,190158,78200
20610,593720,165158,53200,618720,190158,78200
20578,593720,140158,53200,618720,165158,78200
20547,593720,115158,78200,618720,140158,103200
21634,618720,165158,53200,643720,190158,78200
21635,618720,165158,78200,643720,190158,103200
22599,643720,115158,178200,668720,140158,203200
20515,593720,90158,78200,618720,115158,103200
20546,593720,115158,53200,618720,140158,78200
20577,593720,140158,28200,618720,165158,53200
17506,518720,140158,53200,543720,165158,78200
17507,518720,140158,78200,543720,165158,103200
21602,618720,140158,53200,643720,165158,78200
18561,543720,165158,28200,568720,190158,53200
19585,568720,165158,28200,593720,190158,53200
20609,593720,165158,28200,618720,190158,53200
21633,618720,165158,28200,643720,190158,53200
21606,618720,140158,153200,643720,165158,178200
21636,618720,165158,103200,643720,190158,128200
21607,618720,140158,178200,643720,165158,203200
22631,643720,140158,178200,668720,165158,203200
18529,543720,140158,28200,568720,165158,53200
27014,743720,365158,153200,768720,390158,178200
25959,718720,340158,178200,743720,365158,203200
22855,643720,315158,178200,668720,340158,203200
17570,518720,190158,53200,543720,215158,78200
19491,568720,90158,78200,593720,115158,103200
19490,568720,90158,53200,593720,115158,78200
20615,593720,165158,178200,618720,190158,203200
21639,618720,165158,178200,643720,190158,203200
20514,593720,90158,53200,618720,115158,78200
21637,618720,165158,128200,643720,190158,153200
12550,393720,265158,153200,418720,290158,178200
13574,418720,265158,153200,443720,290158,178200
20742,593720,265158,153200,618720,290158,178200
21766,618720,265158,153200,643720,290158,178200
22790,643720,265158,153200,668720,290158,178200
18630,543720,215158,153200,568720,240158,178200
20741,593720,265158,128200,618720,290158,153200
19717,568720,265158,128200,593720,290158,153200
16583,493720,215158,178200,518720,240158,203200
12551,393720,265158,178200,418720,290158,203200
6406,243720,265158,153200,268720,290158,178200
18659,543720,240158,78200,568720,265158,103200
18691,543720,265158,78200,568720,290158,103200
18692,543720,265158,103200,568720,290158,128200
17703,518720,290158,178200,543720,315158,203200
17670,518720,265158,153200,543720,290158,178200
17702,518720,290158,153200,543720,315158,178200
18694,543720,265158,153200,568720,290158,178200
17668,518720,265158,103200,543720,290158,128200
12486,393720,215158,153200,418720,240158,178200
13510,418720,215158,153200,443720,240158,178200
11493,368720,240158,128200,393720,265158,153200
12518,393720,240158,153200,418720,265158,178200
10469,343720,240158,128200,368720,265158,153200
11462,368720,215158,153200,393720,240158,178200
12454,393720,190158,153200,418720,215158,178200
12487,393720,215158,178200,418720,240158,203200
11461,368720,215158,128200,393720,240158,153200
12453,393720,190158,128200,418720,215158,153200
14533,443720,215158,128200,468720,240158,153200
13542,418720,240158,153200,443720,265158,178200
18564,543720,165158,103200,568720,190158,128200
18565,543720,165158,128200,568720,190158,153200
19588,568720,165158,103200,593720,190158,128200
18596,543720,190158,103200,568720,215158,128200
16517,493720,165158,128200,518720,190158,153200
16515,493720,165158,78200,518720,190158,103200
16546,493720,190158,53200,518720,215158,78200
17539,518720,165158,78200,543720,190158,103200
17571,518720,190158,78200,543720,215158,103200
16547,493720,190158,78200,518720,215158,103200
18595,543720,190158,78200,568720,215158,103200
15492,468720,165158,103200,493720,190158,128200
16516,493720,165158,103200,518720,190158,128200
13444,418720,165158,103200,443720,190158,128200
13445,418720,165158,128200,443720,190158,153200
14435,443720,140158,78200,468720,165158,103200
13443,418720,165158,78200,443720,190158,103200
13442,418720,165158,53200,443720,190158,78200
14339,443720,65158,78200,468720,90158,103200
14403,443720,115158,78200,468720,140158,103200
14371,443720,90158,78200,468720,115158,103200
14466,443720,165158,53200,468720,190158,78200
15489,468720,165158,28200,493720,190158,53200
16514,493720,165158,53200,518720,190158,78200
13446,418720,165158,153200,443720,190158,178200
13383,418720,115158,178200,443720,140158,203200
14407,443720,115158,178200,468720,140158,203200
15490,468720,165158,53200,493720,190158,78200
13441,418720,165158,28200,443720,190158,53200
13409,418720,140158,28200,443720,165158,53200
14433,443720,140158,28200,468720,165158,53200
15457,468720,140158,28200,493720,165158,53200
16481,493720,140158,28200,518720,165158,53200
13416,418720,140158,203200,443720,165158,228200
13447,418720,165158,178200,443720,190158,203200
14465,443720,165158,28200,468720,190158,53200
17509,518720,140158,128200,543720,165158,153200
18532,543720,140158,103200,568720,165158,128200
17508,518720,140158,103200,543720,165158,128200
18533,543720,140158,128200,568720,165158,153200
17540,518720,165158,103200,543720,190158,128200
10309,343720,115158,128200,368720,140158,153200
11333,368720,115158,128200,393720,140158,153200
10341,343720,140158,128200,368720,165158,153200
28871,793720,215158,178200,818720,240158,203200
28872,793720,215158,203200,818720,240158,228200
24774,693720,215158,153200,718720,240158,178200
24773,693720,215158,128200,718720,240158,153200
28840,793720,190158,203200,818720,215158,228200
28839,793720,190158,178200,818720,215158,203200
26789,743720,190158,128200,768720,215158,153200
26788,743720,190158,103200,768720,215158,128200
27812,768720,190158,103200,793720,215158,128200
24808,693720,240158,203200,718720,265158,228200
24807,693720,240158,178200,718720,265158,203200
26853,743720,240158,128200,768720,265158,153200
26852,743720,240158,103200,768720,265158,128200
27876,768720,240158,103200,793720,265158,128200
21794,618720,290158,53200,643720,315158,78200
21796,618720,290158,103200,643720,315158,128200
23779,668720,240158,78200,693720,265158,103200
22756,643720,240158,103200,668720,265158,128200
22755,643720,240158,78200,668720,265158,103200
21829,618720,315158,128200,643720,340158,153200
21764,618720,265158,103200,643720,290158,128200
21763,618720,265158,78200,643720,290158,103200
23780,668720,240158,103200,693720,265158,128200
21795,618720,290158,78200,643720,315158,103200
19782,568720,315158,153200,593720,340158,178200
25832,718720,240158,203200,743720,265158,228200
25833,718720,240158,228200,743720,265158,253200
25801,718720,215158,228200,743720,240158,253200
24841,693720,265158,228200,718720,290158,253200
21732,618720,240158,103200,643720,265158,128200
14599,443720,265158,178200,468720,290158,203200
15656,468720,290158,203200,493720,315158,228200
23716,668720,190158,103200,693720,215158,128200
22723,643720,215158,78200,668720,240158,103200
23748,668720,215158,103200,693720,240158,128200
22724,643720,215158,103200,668720,240158,128200
23747,668720,215158,78200,693720,240158,103200
15495,468720,165158,178200,493720,190158,203200
17541,518720,165158,128200,543720,190158,153200
27816,768720,190158,203200,793720,215158,228200
28999,793720,315158,178200,818720,340158,203200
19654,568720,215158,153200,593720,240158,178200
19686,568720,240158,153200,593720,265158,178200
19719,568720,265158,178200,593720,290158,203200
18661,543720,240158,128200,568720,265158,153200
19685,568720,240158,128200,593720,265158,153200
18629,543720,215158,128200,568720,240158,153200
19687,568720,240158,178200,593720,265158,203200
10435,343720,215158,78200,368720,240158,103200
10436,343720,215158,103200,368720,240158,128200
11492,368720,240158,103200,393720,265158,128200
9413,318720,215158,128200,343720,240158,153200
9412,318720,215158,103200,343720,240158,128200
10468,343720,240158,103200,368720,265158,128200
11494,368720,240158,153200,393720,265158,178200
12424,393720,165158,203200,418720,190158,228200
13382,418720,115158,153200,443720,140158,178200
14406,443720,115158,153200,468720,140158,178200
11368,368720,140158,203200,393720,165158,228200
11367,368720,140158,178200,393720,165158,203200
12391,393720,140158,178200,418720,165158,203200
13381,418720,115158,128200,443720,140158,153200
9444,318720,240158,103200,343720,265158,128200
11431,368720,190158,178200,393720,215158,203200
14405,443720,115158,128200,468720,140158,153200
15429,468720,115158,128200,493720,140158,153200
16453,493720,115158,128200,518720,140158,153200
12423,393720,165158,178200,418720,190158,203200
12392,393720,140158,203200,418720,165158,228200
13350,418720,90158,153200,443720,115158,178200
12359,393720,115158,178200,418720,140158,203200
23654,668720,140158,153200,693720,165158,178200
24677,693720,140158,128200,718720,165158,153200
24678,693720,140158,153200,718720,165158,178200
24676,693720,140158,103200,718720,165158,128200
24709,693720,165158,128200,718720,190158,153200
25733,718720,165158,128200,743720,190158,153200
25702,718720,140158,153200,743720,165158,178200
25701,718720,140158,128200,743720,165158,153200
23653,668720,140158,128200,693720,165158,153200
24645,693720,115158,128200,718720,140158,153200
24644,693720,115158,103200,718720,140158,128200
25669,718720,115158,128200,743720,140158,153200
25700,718720,140158,103200,743720,165158,128200
23621,668720,115158,128200,693720,140158,153200
23685,668720,165158,128200,693720,190158,153200
24710,693720,165158,153200,718720,190158,178200
23686,668720,165158,153200,693720,190158,178200
23622,668720,115158,153200,693720,140158,178200
25734,718720,165158,153200,743720,190158,178200
16550,493720,190158,153200,518720,215158,178200
17574,518720,190158,153200,543720,215158,178200
18598,543720,190158,153200,568720,215158,178200
15527,468720,190158,178200,493720,215158,203200
15526,468720,190158,153200,493720,215158,178200
14503,443720,190158,178200,468720,215158,203200
16551,493720,190158,178200,518720,215158,203200
19651,568720,215158,78200,593720,240158,103200
20676,593720,215158,103200,618720,240158,128200
20740,593720,265158,103200,618720,290158,128200
21699,618720,215158,78200,643720,240158,103200
19617,568720,190158,28200,593720,215158,53200
20643,593720,190158,78200,618720,215158,103200
19652,568720,215158,103200,593720,240158,128200
21700,618720,215158,103200,643720,240158,128200
20642,593720,190158,53200,618720,215158,78200
20710,593720,240158,153200,618720,265158,178200
20644,593720,190158,103200,618720,215158,128200
21735,618720,240158,178200,643720,265158,203200
20641,593720,190158,28200,618720,215158,53200
19718,568720,265158,153200,593720,290158,178200
10473,343720,240158,228200,368720,265158,253200
15718,468720,340158,153200,493720,365158,178200
16742,493720,340158,153200,518720,365158,178200
22758,643720,240158,153200,668720,265158,178200
22726,643720,215158,153200,668720,240158,178200
19557,568720,140158,128200,593720,165158,153200
20549,593720,115158,128200,618720,140158,153200
20582,593720,140158,153200,618720,165158,178200
22662,643720,165158,153200,668720,190158,178200
22630,643720,140158,153200,668720,165158,178200
25797,718720,215158,128200,743720,240158,153200
26821,743720,215158,128200,768720,240158,153200
26820,743720,215158,103200,768720,240158,128200
17505,518720,140158,28200,543720,165158,53200
19584,568720,165158,3200,593720,190158,28200
21666,618720,190158,53200,643720,215158,78200
21638,618720,165158,153200,643720,190158,178200
16485,493720,140158,128200,518720,165158,153200
16484,493720,140158,103200,518720,165158,128200
15493,468720,165158,128200,493720,190158,153200
20611,593720,165158,78200,618720,190158,103200
18594,543720,190158,53200,568720,215158,78200
21670,618720,190158,153200,643720,215158,178200
22695,643720,190158,178200,668720,215158,203200
22694,643720,190158,153200,668720,215158,178200
22727,643720,215158,178200,668720,240158,203200
22693,643720,190158,128200,668720,215158,153200
10438,343720,215158,153200,368720,240158,178200
10470,343720,240158,153200,368720,265158,178200
22565,643720,90158,128200,668720,115158,153200
23588,668720,90158,103200,693720,115158,128200
23589,668720,90158,128200,693720,115158,153200
23619,668720,115158,78200,693720,140158,103200
21575,618720,115158,178200,643720,140158,203200
18593,543720,190158,28200,568720,215158,53200
16483,493720,140158,78200,518720,165158,103200
20551,593720,115158,178200,618720,140158,203200
19553,568720,140158,28200,593720,165158,53200
3206,168720,165158,153200,193720,190158,178200
4231,193720,165158,178200,218720,190158,203200
4230,193720,165158,153200,218720,190158,178200
3207,168720,165158,178200,193720,190158,203200
18500,543720,115158,103200,568720,140158,128200
18501,543720,115158,128200,568720,140158,153200
21605,618720,140158,128200,643720,165158,153200
21671,618720,190158,178200,643720,215158,203200
18566,543720,165158,153200,568720,190158,178200
19524,568720,115158,103200,593720,140158,128200
19525,568720,115158,128200,593720,140158,153200
22627,643720,140158,78200,668720,165158,103200
23620,668720,115158,103200,693720,140158,128200
22628,643720,140158,103200,668720,165158,128200
21573,618720,115158,128200,643720,140158,153200
22597,643720,115158,128200,668720,140158,153200
17444,518720,90158,103200,543720,115158,128200
18468,543720,90158,103200,568720,115158,128200
19492,568720,90158,103200,593720,115158,128200
19493,568720,90158,128200,593720,115158,153200
17699,518720,290158,78200,543720,315158,103200
18723,543720,290158,78200,568720,315158,103200
18722,543720,290158,53200,568720,315158,78200
17476,518720,115158,103200,543720,140158,128200
16675,493720,290158,78200,518720,315158,103200
18469,543720,90158,128200,568720,115158,153200
21541,618720,90158,128200,643720,115158,153200
17666,518720,265158,53200,543720,290158,78200
18690,543720,265158,53200,568720,290158,78200
9414,318720,215158,153200,343720,240158,178200
15558,468720,215158,153200,493720,240158,178200
15525,468720,190158,128200,493720,215158,153200
16580,493720,215158,103200,518720,240158,128200
14501,443720,190158,128200,468720,215158,153200
15461,468720,140158,128200,493720,165158,153200
13477,418720,190158,128200,443720,215158,153200
10374,343720,165158,153200,368720,190158,178200
11398,368720,165158,153200,393720,190158,178200
11430,368720,190158,153200,393720,215158,178200
13478,418720,190158,153200,443720,215158,178200
12455,393720,190158,178200,418720,215158,203200
10373,343720,165158,128200,368720,190158,153200
11429,368720,190158,128200,393720,215158,153200
12421,393720,165158,128200,418720,190158,153200
19619,568720,190158,78200,593720,215158,103200
19653,568720,215158,128200,593720,240158,153200
20677,593720,215158,128200,618720,240158,153200
18628,543720,215158,103200,568720,240158,128200
10376,343720,165158,203200,368720,190158,228200
10408,343720,190158,203200,368720,215158,228200
10407,343720,190158,178200,368720,215158,203200
9509,318720,290158,128200,343720,315158,153200
9477,318720,265158,128200,343720,290158,153200
16743,493720,340158,178200,518720,365158,203200
12519,393720,240158,178200,418720,265158,203200
21765,618720,265158,128200,643720,290158,153200
22757,643720,240158,128200,668720,265158,153200
17572,518720,190158,103200,543720,215158,128200
25859,718720,265158,78200,743720,290158,103200
16645,493720,265158,128200,518720,290158,153200
16612,493720,240158,103200,518720,265158,128200
18693,543720,265158,128200,568720,290158,153200
16613,493720,240158,128200,518720,265158,153200
17604,518720,215158,103200,543720,240158,128200
18726,543720,290158,153200,568720,315158,178200
15589,468720,240158,128200,493720,265158,153200
18660,543720,240158,103200,568720,265158,128200
17636,518720,240158,103200,543720,265158,128200
18662,543720,240158,153200,568720,265158,178200
17542,518720,165158,153200,543720,190158,178200
17606,518720,215158,153200,543720,240158,178200
9446,318720,240158,153200,343720,265158,178200
9445,318720,240158,128200,343720,265158,153200
10437,343720,215158,128200,368720,240158,153200
10342,343720,140158,153200,368720,165158,178200
11366,368720,140158,153200,393720,165158,178200
14440,443720,140158,203200,468720,165158,228200
14439,443720,140158,178200,468720,165158,203200
13505,418720,215158,28200,443720,240158,53200
13473,418720,190158,28200,443720,215158,53200
12358,393720,115158,153200,418720,140158,178200
13474,418720,190158,53200,443720,215158,78200
14529,443720,215158,28200,468720,240158,53200
19554,568720,140158,53200,593720,165158,78200
19523,568720,115158,78200,593720,140158,103200
18530,543720,140158,53200,568720,165158,78200
15427,468720,115158,78200,493720,140158,103200
14404,443720,115158,103200,468720,140158,128200
19555,568720,140158,78200,593720,165158,103200
13380,418720,115158,103200,443720,140158,128200
15426,468720,115158,53200,493720,140158,78200
16549,493720,190158,128200,518720,215158,153200
16581,493720,215158,128200,518720,240158,153200
19622,568720,190158,153200,593720,215158,178200
20647,593720,190158,178200,618720,215158,203200
19590,568720,165158,153200,593720,190158,178200
20613,593720,165158,128200,618720,190158,153200
20614,593720,165158,153200,618720,190158,178200
20581,593720,140158,128200,618720,165158,153200
21604,618720,140158,103200,643720,165158,128200
17669,518720,265158,128200,543720,290158,153200
16450,493720,115158,53200,518720,140158,78200
16482,493720,140158,53200,518720,165158,78200
16452,493720,115158,103200,518720,140158,128200
16451,493720,115158,78200,518720,140158,103200
18756,543720,315158,103200,568720,340158,128200
18755,543720,315158,78200,568720,340158,103200
13347,418720,90158,78200,443720,115158,103200
13411,418720,140158,78200,443720,165158,103200
12326,393720,90158,153200,418720,115158,178200
13379,418720,115158,78200,443720,140158,103200
15491,468720,165158,78200,493720,190158,103200
29030,793720,340158,153200,818720,365158,178200
11497,368720,240158,228200,393720,265158,253200
12553,393720,265158,228200,418720,290158,253200
19618,568720,190158,53200,593720,215158,78200
21603,618720,140158,78200,643720,165158,103200
14402,443720,115158,53200,468720,140158,78200
25764,718720,190158,103200,743720,215158,128200
26759,743720,165158,178200,768720,190158,203200
27784,768720,165158,203200,793720,190158,228200
27783,768720,165158,178200,793720,190158,203200
27815,768720,190158,178200,793720,215158,203200
26760,743720,165158,203200,768720,190158,228200
29992,818720,290158,203200,843720,315158,228200
14434,443720,140158,53200,468720,165158,78200
16513,493720,165158,28200,518720,190158,53200
15458,468720,140158,53200,493720,165158,78200
10567,343720,315158,178200,368720,340158,203200
10535,343720,290158,178200,368720,315158,203200
8552,293720,340158,203200,318720,365158,228200
26952,743720,315158,203200,768720,340158,228200
19589,568720,165158,128200,593720,190158,153200
19621,568720,190158,128200,593720,215158,153200
20645,593720,190158,128200,618720,215158,153200
20580,593720,140158,103200,618720,165158,128200
23683,668720,165158,78200,693720,190158,103200
24802,693720,240158,53200,718720,265158,78200
24741,693720,190158,128200,718720,215158,153200
23752,668720,215158,203200,693720,240158,228200
25796,718720,215158,103200,743720,240158,128200
24776,693720,215158,203200,718720,240158,228200
9448,318720,240158,203200,343720,265158,228200
9480,318720,265158,203200,343720,290158,228200
10472,343720,240158,203200,368720,265158,228200
10504,343720,265158,203200,368720,290158,228200
10536,343720,290158,203200,368720,315158,228200
8360,293720,190158,203200,318720,215158,228200
7338,268720,190158,253200,293720,215158,278200
14469,443720,165158,128200,468720,190158,153200
14502,443720,190158,153200,468720,215158,178200
14437,443720,140158,128200,468720,165158,153200
14438,443720,140158,153200,468720,165158,178200
16577,493720,215158,28200,518720,240158,53200
16578,493720,215158,53200,518720,240158,78200
17601,518720,215158,28200,543720,240158,53200
17602,518720,215158,53200,543720,240158,78200
18657,543720,240158,28200,568720,265158,53200
18625,543720,215158,28200,568720,240158,53200
18624,543720,215158,3200,568720,240158,28200
17633,518720,240158,28200,543720,265158,53200
6311,243720,190158,178200,268720,215158,203200
7335,268720,190158,178200,293720,215158,203200
6343,243720,215158,178200,268720,240158,203200
7367,268720,215158,178200,293720,240158,203200
7334,268720,190158,153200,293720,215158,178200
7366,268720,215158,153200,293720,240158,178200
10372,343720,165158,103200,368720,190158,128200
11364,368720,140158,103200,393720,165158,128200
9384,318720,190158,203200,343720,215158,228200
9383,318720,190158,178200,343720,215158,203200
6345,243720,215158,228200,268720,240158,253200
6313,243720,190158,228200,268720,215158,253200
26947,743720,315158,78200,768720,340158,103200
23815,668720,265158,178200,693720,290158,203200
26948,743720,315158,103200,768720,340158,128200
8425,293720,240158,228200,318720,265158,253200
8426,293720,240158,253200,318720,265158,278200
8393,293720,215158,228200,318720,240158,253200
8394,293720,215158,253200,318720,240158,278200
25829,718720,240158,128200,743720,265158,153200
21668,618720,190158,103200,643720,215158,128200
24740,693720,190158,103200,718720,215158,128200
22692,643720,190158,103200,668720,215158,128200
21667,618720,190158,78200,643720,215158,103200
24935,693720,340158,178200,718720,365158,203200
7434,268720,265158,253200,293720,290158,278200
7402,268720,240158,253200,293720,265158,278200
8456,293720,265158,203200,318720,290158,228200
8424,293720,240158,203200,318720,265158,228200
8457,293720,265158,228200,318720,290158,253200
22663,643720,165158,178200,668720,190158,203200
23687,668720,165158,178200,693720,190158,203200
28903,793720,240158,178200,818720,265158,203200
23718,668720,190158,153200,693720,215158,178200
23655,668720,140158,178200,693720,165158,203200
27846,768720,215158,153200,793720,240158,178200
28904,793720,240158,203200,818720,265158,228200
29927,818720,240158,178200,843720,265158,203200
29928,818720,240158,203200,843720,265158,228200
23781,668720,240158,128200,693720,265158,153200
24805,693720,240158,128200,718720,265158,153200
23749,668720,215158,128200,693720,240158,153200
7370,268720,215158,253200,293720,240158,278200
8392,293720,215158,203200,318720,240158,228200
4389,193720,290158,128200,218720,315158,153200
5413,218720,290158,128200,243720,315158,153200
5412,218720,290158,103200,243720,315158,128200
22823,643720,290158,178200,668720,315158,203200
25925,718720,315158,128200,743720,340158,153200
25924,718720,315158,103200,743720,340158,128200
25956,718720,340158,103200,743720,365158,128200
18656,543720,240158,3200,568720,265158,28200
15553,468720,215158,28200,493720,240158,53200
15585,468720,240158,28200,493720,265158,53200
16608,493720,240158,3200,518720,265158,28200
16609,493720,240158,28200,518720,265158,53200
28005,768720,340158,128200,793720,365158,153200
28004,768720,340158,103200,793720,365158,128200
29028,793720,340158,103200,818720,365158,128200
31076,843720,340158,103200,868720,365158,128200
24934,693720,340158,153200,718720,365158,178200
26856,743720,240158,203200,768720,265158,228200
26855,743720,240158,178200,768720,265158,203200
27879,768720,240158,178200,793720,265158,203200
25960,718720,340158,203200,743720,365158,228200
21767,618720,265158,178200,643720,290158,203200
20711,593720,240158,178200,618720,265158,203200
21703,618720,215158,178200,643720,240158,203200
20743,593720,265158,178200,618720,290158,203200
21768,618720,265158,203200,643720,290158,228200
21799,618720,290158,178200,643720,315158,203200
20706,593720,240158,53200,618720,265158,78200
18658,543720,240158,53200,568720,265158,78200
19680,568720,240158,3200,593720,265158,28200
19682,568720,240158,53200,593720,265158,78200
19681,568720,240158,28200,593720,265158,53200
19649,568720,215158,28200,593720,240158,53200
5445,218720,315158,128200,243720,340158,153200
5444,218720,315158,103200,243720,340158,128200
10406,343720,190158,153200,368720,215158,178200
8359,293720,190158,178200,318720,215158,203200
9351,318720,165158,178200,343720,190158,203200
19713,568720,265158,28200,593720,290158,53200
19715,568720,265158,78200,593720,290158,103200
19683,568720,240158,78200,593720,265158,103200
20737,593720,265158,28200,618720,290158,53200
22786,643720,265158,53200,668720,290158,78200
21797,618720,290158,128200,643720,315158,153200
22821,643720,290158,128200,668720,315158,153200
22661,643720,165158,128200,668720,190158,153200
16711,493720,315158,178200,518720,340158,203200
10441,343720,215158,228200,368720,240158,253200
11433,368720,190158,228200,393720,215158,253200
11465,368720,215158,228200,393720,240158,253200
11490,368720,240158,53200,393720,265158,78200
11491,368720,240158,78200,393720,265158,103200
12514,393720,240158,53200,418720,265158,78200
11458,368720,215158,53200,393720,240158,78200
10467,343720,240158,78200,368720,265158,103200
15686,468720,315158,153200,493720,340158,178200
17705,518720,290158,228200,543720,315158,253200
18761,543720,315158,228200,568720,340158,253200
24708,693720,165158,103200,718720,190158,128200
20705,593720,240158,28200,618720,265158,53200
21729,618720,240158,28200,643720,265158,53200
21730,618720,240158,53200,643720,265158,78200
21761,618720,265158,28200,643720,290158,53200
20550,593720,115158,153200,618720,140158,178200
20583,593720,140158,178200,618720,165158,203200
20584,593720,140158,203200,618720,165158,228200
21574,618720,115158,153200,643720,140158,178200
19558,568720,140158,153200,593720,165158,178200
10569,343720,315158,228200,368720,340158,253200
10568,343720,315158,203200,368720,340158,228200
11591,368720,315158,178200,393720,340158,203200
27941,768720,290158,128200,793720,315158,153200
28933,793720,265158,128200,818720,290158,153200
27909,768720,265158,128200,793720,290158,153200
27910,768720,265158,153200,793720,290158,178200
28965,793720,290158,128200,818720,315158,153200
9512,318720,290158,203200,343720,315158,228200
9479,318720,265158,178200,343720,290158,203200
9511,318720,290158,178200,343720,315158,203200
8489,293720,290158,228200,318720,315158,253200
16614,493720,240158,153200,518720,265158,178200
22822,643720,290158,153200,668720,315158,178200
25923,718720,315158,78200,743720,340158,103200
28936,793720,265158,203200,818720,290158,228200
10375,343720,165158,178200,368720,190158,203200
11399,368720,165158,178200,393720,190158,203200
12390,393720,140158,153200,418720,165158,178200
15652,468720,290158,103200,493720,315158,128200
11302,368720,90158,153200,393720,115158,178200
12356,393720,115158,103200,418720,140158,128200
10308,343720,115158,103200,368720,140158,128200
11301,368720,90158,128200,393720,115158,153200
12357,393720,115158,128200,418720,140158,153200
12389,393720,140158,128200,418720,165158,153200
13413,418720,140158,128200,443720,165158,153200
11332,368720,115158,103200,393720,140158,128200
13414,418720,140158,153200,443720,165158,178200
10277,343720,90158,128200,368720,115158,153200
15619,468720,265158,78200,493720,290158,103200
15651,468720,290158,78200,493720,315158,103200
16643,493720,265158,78200,518720,290158,103200
16642,493720,265158,53200,518720,290158,78200
16611,493720,240158,78200,518720,265158,103200
13410,418720,140158,53200,443720,165158,78200
13378,418720,115158,53200,443720,140158,78200
15459,468720,140158,78200,493720,165158,103200
26949,743720,315158,128200,768720,340158,153200
15623,468720,265158,178200,493720,290158,203200
16679,493720,290158,178200,518720,315158,203200
16680,493720,290158,203200,518720,315158,228200
16615,493720,240158,178200,518720,265158,203200
16647,493720,265158,178200,518720,290158,203200
24804,693720,240158,103200,718720,265158,128200
24772,693720,215158,103200,718720,240158,128200
24836,693720,265158,103200,718720,290158,128200
8390,293720,215158,153200,318720,240158,178200
8358,293720,190158,153200,318720,215158,178200
8422,293720,240158,153200,318720,265158,178200
8326,293720,165158,153200,318720,190158,178200
8421,293720,240158,128200,318720,265158,153200
8454,293720,265158,153200,318720,290158,178200
8458,293720,265158,253200,318720,290158,278200
19779,568720,315158,78200,593720,340158,103200
19780,568720,315158,103200,593720,340158,128200
19813,568720,340158,128200,593720,365158,153200
19747,568720,290158,78200,593720,315158,103200
18788,543720,340158,103200,568720,365158,128200
18789,543720,340158,128200,568720,365158,153200
19812,568720,340158,103200,593720,365158,128200
19814,568720,340158,153200,593720,365158,178200
14532,443720,215158,103200,468720,240158,128200
14534,443720,215158,153200,468720,240158,178200
15557,468720,215158,128200,493720,240158,153200
15556,468720,215158,103200,493720,240158,128200
14499,443720,190158,78200,468720,215158,103200
14467,443720,165158,78200,468720,190158,103200
14498,443720,190158,53200,468720,215158,78200
15523,468720,190158,78200,493720,215158,103200
13475,418720,190158,78200,443720,215158,103200
15522,468720,190158,53200,493720,215158,78200
14373,443720,90158,128200,468720,115158,153200
11496,368720,240158,203200,393720,265158,228200
11365,368720,140158,128200,393720,165158,153200
21669,618720,190158,128200,643720,215158,153200
15622,468720,265158,153200,493720,290158,178200
21701,618720,215158,128200,643720,240158,153200
22725,643720,215158,128200,668720,240158,153200
24775,693720,215158,178200,718720,240158,203200
24744,693720,190158,203200,718720,215158,228200
23751,668720,215158,178200,693720,240158,203200
24743,693720,190158,178200,718720,215158,203200
17475,518720,115158,78200,543720,140158,103200
18467,543720,90158,78200,568720,115158,103200
17698,518720,290158,53200,543720,315158,78200
19746,568720,290158,53200,593720,315158,78200
14568,443720,240158,203200,468720,265158,228200
15428,468720,115158,103200,493720,140158,128200
15396,468720,90158,103200,493720,115158,128200
15395,468720,90158,78200,493720,115158,103200
11335,368720,115158,178200,393720,140158,203200
12327,393720,90158,178200,418720,115158,203200
15591,468720,240158,178200,493720,265158,203200
15590,468720,240158,153200,493720,265158,178200
14600,443720,265158,203200,468720,290158,228200
15624,468720,265158,203200,493720,290158,228200
10500,343720,265158,103200,368720,290158,128200
10499,343720,265158,78200,368720,290158,103200
23717,668720,190158,128200,693720,215158,153200
22660,643720,165158,103200,668720,190158,128200
14564,443720,240158,103200,468720,265158,128200
14662,443720,315158,153200,468720,340158,178200
15685,468720,315158,128200,493720,340158,153200
15684,468720,315158,103200,493720,340158,128200
15719,468720,340158,178200,493720,365158,203200
14663,443720,315158,178200,468720,340158,203200
15588,468720,240158,103200,493720,265158,128200
7369,268720,215158,228200,293720,240158,253200
10405,343720,190158,128200,368720,215158,153200
22722,643720,215158,53200,668720,240158,78200
22690,643720,190158,53200,668720,215158,78200
23746,668720,215158,53200,693720,240158,78200
10404,343720,190158,103200,368720,215158,128200
22691,643720,190158,78200,668720,215158,103200
6280,243720,165158,203200,268720,190158,228200
7304,268720,165158,203200,293720,190158,228200
6281,243720,165158,228200,268720,190158,253200
11363,368720,140158,78200,393720,165158,103200
6312,243720,190158,203200,268720,215158,228200
7272,268720,140158,203200,293720,165158,228200
7305,268720,165158,228200,293720,190158,253200
22785,643720,265158,28200,668720,290158,53200
22753,643720,240158,28200,668720,265158,53200
23777,668720,240158,28200,693720,265158,53200
22754,643720,240158,53200,668720,265158,78200
23778,668720,240158,53200,693720,265158,78200
23651,668720,140158,78200,693720,165158,103200
22659,643720,165158,78200,668720,190158,103200
22594,643720,115158,53200,668720,140158,78200
22626,643720,140158,53200,668720,165158,78200
23650,668720,140158,53200,693720,165158,78200
21762,618720,265158,53200,643720,290158,78200
22818,643720,290158,53200,668720,315158,78200
20773,593720,290158,128200,618720,315158,153200
22789,643720,265158,128200,668720,290158,153200
20774,593720,290158,153200,618720,315158,178200
20771,593720,290158,78200,618720,315158,103200
19749,568720,290158,128200,593720,315158,153200
25735,718720,165158,178200,743720,190158,203200
24742,693720,190158,153200,718720,215158,178200
24711,693720,165158,178200,718720,190158,203200
14560,443720,240158,3200,468720,265158,28200
14561,443720,240158,28200,468720,265158,53200
19712,568720,265158,3200,593720,290158,28200
15584,468720,240158,3200,493720,265158,28200
20516,593720,90158,103200,618720,115158,128200
21540,618720,90158,103200,643720,115158,128200
21539,618720,90158,78200,643720,115158,103200
22563,643720,90158,78200,668720,115158,103200
20517,593720,90158,128200,618720,115158,153200
20484,593720,65158,103200,618720,90158,128200
22595,643720,115158,78200,668720,140158,103200
22564,643720,90158,103200,668720,115158,128200
21508,618720,65158,103200,643720,90158,128200
11523,368720,265158,78200,393720,290158,103200
10466,343720,240158,53200,368720,265158,78200
14470,443720,165158,153200,468720,190158,178200
15494,468720,165158,153200,493720,190158,178200
18597,543720,190158,128200,568720,215158,153200
20612,593720,165158,103200,618720,190158,128200
16518,493720,165158,153200,518720,190158,178200
14436,443720,140158,103200,468720,165158,128200
16421,493720,90158,128200,518720,115158,153200
16420,493720,90158,103200,518720,115158,128200
12422,393720,165158,153200,418720,190158,178200
20646,593720,190158,153200,618720,215158,178200
13479,418720,190158,178200,443720,215158,203200
15460,468720,140158,103200,493720,165158,128200
19556,568720,140158,103200,593720,165158,128200
19587,568720,165158,78200,593720,190158,103200
17477,518720,115158,128200,543720,140158,153200
13511,418720,215158,178200,443720,240158,203200
23715,668720,190158,78200,693720,215158,103200
23714,668720,190158,53200,693720,215158,78200
24675,693720,140158,78200,718720,165158,103200
18499,543720,115158,78200,568720,140158,103200
24834,693720,265158,53200,718720,290158,78200
11529,368720,265158,228200,393720,290158,253200
23784,668720,240158,203200,693720,265158,228200
23809,668720,265158,28200,693720,290158,53200
14535,443720,215158,178200,468720,240158,203200
21702,618720,215158,153200,643720,240158,178200
20678,593720,215158,153200,618720,240158,178200
15397,468720,90158,128200,493720,115158,153200
9380,318720,190158,103200,343720,215158,128200
17537,518720,165158,28200,543720,190158,53200
24739,693720,190158,78200,718720,215158,103200
24771,693720,215158,78200,718720,240158,103200
24803,693720,240158,78200,718720,265158,103200
19620,568720,190158,103200,593720,215158,128200
23745,668720,215158,28200,693720,240158,53200
24770,693720,215158,53200,718720,240158,78200
24738,693720,190158,53200,718720,215158,78200
18757,543720,315158,128200,568720,340158,153200
11495,368720,240158,178200,393720,265158,203200
23750,668720,215158,153200,693720,240158,178200
11463,368720,215158,178200,393720,240158,203200
13415,418720,140158,178200,443720,165158,203200
12324,393720,90158,103200,418720,115158,128200
13348,418720,90158,103200,443720,115158,128200
14340,443720,65158,103200,468720,90158,128200
15364,468720,65158,103200,493720,90158,128200
12355,393720,115158,78200,418720,140158,103200
21571,618720,115158,78200,643720,140158,103200
21572,618720,115158,103200,643720,140158,128200
21538,618720,90158,53200,643720,115158,78200
17443,518720,90158,78200,543720,115158,103200
17766,518720,340158,153200,543720,365158,178200
21731,618720,240158,78200,643720,265158,103200
19748,568720,290158,103200,593720,315158,128200
18791,543720,340158,178200,568720,365158,203200
20739,593720,265158,78200,618720,290158,103200
17767,518720,340158,178200,543720,365158,203200
18759,543720,315158,178200,568720,340158,203200
6471,243720,315158,178200,268720,340158,203200
7464,268720,290158,203200,293720,315158,228200
7463,268720,290158,178200,293720,315158,203200
17736,518720,315158,203200,543720,340158,228200
18627,543720,215158,78200,568720,240158,103200
20806,593720,315158,153200,618720,340158,178200
19716,568720,265158,103200,593720,290158,128200
15559,468720,215158,178200,493720,240158,203200
16582,493720,215158,153200,518720,240158,178200
13512,418720,215158,203200,443720,240158,228200
17575,518720,190158,178200,543720,215158,203200
18599,543720,190158,178200,568720,215158,203200
12488,393720,215158,203200,418720,240158,228200
22759,643720,240158,178200,668720,265158,203200
20679,593720,215158,178200,618720,240158,203200
17543,518720,165158,178200,543720,190158,203200
12520,393720,240158,203200,418720,265158,228200
19750,568720,290158,153200,593720,315158,178200
23783,668720,240158,178200,693720,265158,203200
22760,643720,240158,203200,668720,265158,228200
21793,618720,290158,28200,643720,315158,53200
24835,693720,265158,78200,718720,290158,103200
23720,668720,190158,203200,693720,215158,228200
23719,668720,190158,178200,693720,215158,203200
14562,443720,240158,53200,468720,265158,78200
14530,443720,215158,53200,468720,240158,78200
15586,468720,240158,53200,493720,265158,78200
14563,443720,240158,78200,468720,265158,103200
14594,443720,265158,53200,468720,290158,78200
15618,468720,265158,53200,493720,290158,78200
15554,468720,215158,53200,493720,240158,78200
7560,268720,365158,203200,293720,390158,228200
7528,268720,340158,203200,293720,365158,228200
8584,293720,365158,203200,318720,390158,228200
21601,618720,140158,28200,643720,165158,53200
9381,318720,190158,128200,343720,215158,153200
14496,443720,190158,3200,468720,215158,28200
14497,443720,190158,28200,468720,215158,53200
19623,568720,190158,178200,593720,215158,203200
19655,568720,215158,178200,593720,240158,203200
18631,543720,215158,178200,568720,240158,203200
19684,568720,240158,103200,593720,265158,128200
19648,568720,215158,3200,593720,240158,28200
24838,693720,265158,153200,718720,290158,178200
8423,293720,240158,178200,318720,265158,203200
7397,268720,240158,128200,293720,265158,153200
24936,693720,340158,203200,718720,365158,228200
27013,743720,365158,128200,768720,390158,153200
26981,743720,340158,128200,768720,365158,153200
7302,268720,165158,153200,293720,190158,178200
7398,268720,240158,153200,293720,265158,178200
22598,643720,115158,153200,668720,140158,178200
24643,693720,115158,78200,718720,140158,103200
24646,693720,115158,153200,718720,140158,178200
13349,418720,90158,128200,443720,115158,153200
12325,393720,90158,128200,418720,115158,153200
13317,418720,65158,128200,443720,90158,153200
13316,418720,65158,103200,443720,90158,128200
22658,643720,165158,53200,668720,190158,78200
22625,643720,140158,28200,668720,165158,53200
24806,693720,240158,153200,718720,265158,178200
20672,593720,215158,3200,618720,240158,28200
15552,468720,215158,3200,493720,240158,28200
24839,693720,265158,178200,718720,290158,203200
16646,493720,265158,153200,518720,290158,178200
11526,368720,265158,153200,393720,290158,178200
12582,393720,290158,153200,418720,315158,178200
13607,418720,290158,178200,443720,315158,203200
13448,418720,165158,203200,443720,190158,228200
18663,543720,240158,178200,568720,265158,203200
14471,443720,165158,178200,468720,190158,203200
25828,718720,240158,103200,743720,265158,128200
25827,718720,240158,78200,743720,265158,103200
7337,268720,190158,228200,293720,215158,253200
9382,318720,190158,153200,343720,215158,178200
6314,243720,190158,253200,268720,215158,278200
21798,618720,290158,153200,643720,315158,178200
20772,593720,290158,103200,618720,315158,128200
15462,468720,140158,153200,493720,165158,178200
27973,768720,315158,128200,793720,340158,153200
9418,318720,215158,253200,343720,240158,278200
9450,318720,240158,253200,343720,265158,278200
9386,318720,190158,253200,343720,215158,278200
30022,818720,315158,153200,843720,340158,178200
21698,618720,215158,53200,643720,240158,78200
9447,318720,240158,178200,343720,265158,203200
10471,343720,240158,178200,368720,265158,203200
10503,343720,265158,178200,368720,290158,203200
27015,743720,365158,178200,768720,390158,203200
23909,668720,340158,128200,693720,365158,153200
24933,693720,340158,128200,718720,365158,153200
24932,693720,340158,103200,718720,365158,128200
19650,568720,215158,53200,593720,240158,78200
16610,493720,240158,53200,518720,265158,78200
15650,468720,290158,53200,493720,315158,78200
16674,493720,290158,53200,518720,315158,78200
17635,518720,240158,78200,543720,265158,103200
8391,293720,215158,178200,318720,240158,203200
9415,318720,215158,178200,343720,240158,203200
6442,243720,290158,253200,268720,315158,278200
12387,393720,140158,78200,418720,165158,103200
12386,393720,140158,53200,418720,165158,78200
10440,343720,215158,203200,368720,240158,228200
14370,443720,90158,53200,468720,115158,78200
16418,493720,90158,53200,518720,115158,78200
16419,493720,90158,78200,518720,115158,103200
15394,468720,90158,53200,493720,115158,78200
10434,343720,215158,53200,368720,240158,78200
11528,368720,265158,203200,393720,290158,228200
11527,368720,265158,178200,393720,290158,203200
12552,393720,265158,203200,418720,290158,228200
10403,343720,190158,78200,368720,215158,103200
10340,343720,140158,103200,368720,165158,128200
11395,368720,165158,78200,393720,190158,103200
12360,393720,115158,203200,418720,140158,228200
15521,468720,190158,28200,493720,215158,53200
9318,318720,140158,153200,343720,165158,178200
10310,343720,115158,153200,368720,140158,178200
10343,343720,140158,178200,368720,165158,203200
9319,318720,140158,178200,343720,165158,203200
11334,368720,115158,153200,393720,140158,178200
14372,443720,90158,103200,468720,115158,128200
14341,443720,65158,128200,468720,90158,153200
18689,543720,265158,28200,568720,290158,53200
20704,593720,240158,3200,618720,265158,28200
20673,593720,215158,28200,618720,240158,53200
29990,818720,290158,153200,843720,315158,178200
11400,368720,165158,203200,393720,190158,228200
26917,743720,290158,128200,768720,315158,153200
27972,768720,315158,103200,793720,340158,128200
16741,493720,340158,128200,518720,365158,153200
15716,468720,340158,103200,493720,365158,128200
17603,518720,215158,78200,543720,240158,103200
18790,543720,340158,153200,568720,365158,178200
25765,718720,190158,128200,743720,215158,153200
18567,543720,165158,178200,568720,190158,203200
20803,593720,315158,78200,618720,340158,103200
18787,543720,340158,78200,568720,365158,103200
19778,568720,315158,53200,593720,340158,78200
17764,518720,340158,103200,543720,365158,128200
27848,768720,215158,203200,793720,240158,228200
18626,543720,215158,53200,568720,240158,78200
18560,543720,165158,3200,568720,190158,28200
27814,768720,190158,153200,793720,215158,178200
27781,768720,165158,128200,793720,190158,153200
26790,743720,190158,153200,768720,215158,178200
27813,768720,190158,128200,793720,215158,153200
13603,418720,290158,78200,443720,315158,103200
11560,368720,290158,203200,393720,315158,228200
12584,393720,290158,203200,418720,315158,228200
11559,368720,290158,178200,393720,315158,203200
12583,393720,290158,178200,418720,315158,203200
9417,318720,215158,228200,343720,240158,253200
9449,318720,240158,228200,343720,265158,253200
9416,318720,215158,203200,343720,240158,228200
12482,393720,215158,53200,418720,240158,78200
25795,718720,215158,78200,743720,240158,103200
21736,618720,240158,203200,643720,265158,228200
21830,618720,315158,153200,643720,340158,178200
9482,318720,265158,253200,343720,290158,278200
8490,293720,290158,253200,318720,315158,278200
30951,843720,240158,178200,868720,265158,203200
29895,818720,215158,178200,843720,240158,203200
22689,643720,190158,28200,668720,215158,53200
22721,643720,215158,28200,668720,240158,53200
19521,568720,115158,28200,593720,140158,53200
20579,593720,140158,78200,618720,165158,103200
23684,668720,165158,103200,693720,190158,128200
17573,518720,190158,128200,543720,215158,153200
26885,743720,265158,128200,768720,290158,153200
8519,293720,315158,178200,318720,340158,203200
10537,343720,290158,228200,368720,315158,253200
16449,493720,115158,28200,518720,140158,53200
14536,443720,215158,203200,468720,240158,228200
15528,468720,190158,203200,493720,215158,228200
14504,443720,190158,203200,468720,215158,228200
15560,468720,215158,203200,493720,240158,228200
6377,243720,240158,228200,268720,265158,253200
6409,243720,265158,228200,268720,290158,253200
6373,243720,240158,128200,268720,265158,153200
24867,693720,290158,78200,718720,315158,103200
20548,593720,115158,103200,618720,140158,128200
21509,618720,65158,128200,643720,90158,153200
16454,493720,115158,153200,518720,140158,178200
16486,493720,140158,153200,518720,165158,178200
15430,468720,115158,153200,493720,140158,178200
16519,493720,165158,178200,518720,190158,203200
23652,668720,140158,103200,693720,165158,128200
28807,793720,165158,178200,818720,190158,203200
13539,418720,240158,78200,443720,265158,103200
14531,443720,215158,78200,468720,240158,103200
16678,493720,290158,153200,518720,315158,178200
13318,418720,65158,153200,443720,90158,178200
14342,443720,65158,153200,468720,90158,178200
7399,268720,240158,178200,293720,265158,203200
6374,243720,240158,153200,268720,265158,178200
28039,768720,365158,178200,793720,390158,203200
10505,343720,265158,228200,368720,290158,253200
5416,218720,290158,203200,243720,315158,228200
6408,243720,265158,203200,268720,290158,228200
7432,268720,265158,203200,293720,290158,228200
8520,293720,315158,203200,318720,340158,228200
14661,443720,315158,128200,468720,340158,153200
13570,418720,265158,53200,443720,290158,78200
13637,418720,315158,128200,443720,340158,153200
28806,793720,165158,153200,818720,190158,178200
27782,768720,165158,153200,793720,190158,178200
29861,818720,190158,128200,843720,215158,153200
28932,793720,265158,103200,818720,290158,128200
27844,768720,215158,103200,793720,240158,128200
27845,768720,215158,128200,793720,240158,153200
28869,793720,215158,128200,818720,240158,153200
28901,793720,240158,128200,818720,265158,153200
28900,793720,240158,103200,818720,265158,128200
26851,743720,240158,78200,768720,265158,103200
28964,793720,290158,103200,818720,315158,128200
22596,643720,115158,103200,668720,140158,128200
18497,543720,115158,28200,568720,140158,53200
18498,543720,115158,53200,568720,140158,78200
18754,543720,315158,53200,568720,340158,78200
18721,543720,290158,28200,568720,315158,53200
18753,543720,315158,28200,568720,340158,53200
17730,518720,315158,53200,543720,340158,78200
18695,543720,265158,178200,568720,290158,203200
26757,743720,165158,128200,768720,190158,153200
26758,743720,165158,153200,768720,190158,178200
9478,318720,265158,153200,343720,290158,178200
9510,318720,290158,153200,343720,315158,178200
8455,293720,265158,178200,318720,290158,203200
23682,668720,165158,53200,693720,190158,78200
29987,818720,290158,78200,843720,315158,103200
30019,818720,315158,78200,843720,340158,103200
30020,818720,315158,103200,843720,340158,128200
13384,418720,115158,203200,443720,140158,228200
13315,418720,65158,78200,443720,90158,103200
20545,593720,115158,28200,618720,140158,53200
7465,268720,290158,228200,293720,315158,253200
7497,268720,315158,228200,293720,340158,253200
9349,318720,165158,128200,343720,190158,153200
17765,518720,340158,128200,543720,365158,153200
22824,643720,290158,203200,668720,315158,228200
24899,693720,315158,78200,718720,340158,103200
29960,818720,265158,203200,843720,290158,228200
19616,568720,190158,3200,593720,215158,28200
22629,643720,140158,128200,668720,165158,153200
20738,593720,265158,53200,618720,290158,78200
15717,468720,340158,128200,493720,365158,153200
20712,593720,240158,203200,618720,265158,228200
17442,518720,90158,53200,543720,115158,78200
18466,543720,90158,53200,568720,115158,78200
17474,518720,115158,53200,543720,140158,78200
10311,343720,115158,178200,368720,140158,203200
9287,318720,115158,178200,343720,140158,203200
9286,318720,115158,153200,343720,140158,178200
10278,343720,90158,153200,368720,115158,178200
11464,368720,215158,203200,393720,240158,228200
19714,568720,265158,53200,593720,290158,78200
26984,743720,340158,203200,768720,365158,228200
29063,793720,365158,178200,818720,390158,203200
21696,618720,215158,3200,643720,240158,28200
21697,618720,215158,28200,643720,240158,53200
21728,618720,240158,3200,643720,265158,28200
18534,543720,140158,153200,568720,165158,178200
14595,443720,265158,78200,468720,290158,103200
15587,468720,240158,78200,493720,265158,103200
18688,543720,265158,3200,568720,290158,28200
17473,518720,115158,28200,543720,140158,53200
16740,493720,340158,103200,518720,365158,128200
14693,443720,340158,128200,468720,365158,153200
11558,368720,290158,153200,393720,315158,178200
8488,293720,290158,203200,318720,315158,228200
5446,218720,315158,153200,243720,340158,178200
6439,243720,290158,178200,268720,315158,203200
5447,218720,315158,178200,243720,340158,203200
6470,243720,315158,153200,268720,340158,178200
5414,218720,290158,153200,243720,315158,178200
15617,468720,265158,28200,493720,290158,53200
15616,468720,265158,3200,493720,290158,28200
14593,443720,265158,28200,468720,290158,53200
29991,818720,290158,178200,843720,315158,203200
6342,243720,215158,153200,268720,240158,178200
7365,268720,215158,128200,293720,240158,153200
9575,318720,340158,178200,343720,365158,203200
8550,293720,340158,153200,318720,365158,178200
11592,368720,315158,203200,393720,340158,228200
10599,343720,340158,178200,368720,365158,203200
16576,493720,215158,3200,518720,240158,28200
12292,393720,65158,103200,418720,90158,128200
12293,393720,65158,128200,418720,90158,153200
11300,368720,90158,103200,393720,115158,128200
5448,218720,315158,203200,243720,340158,228200
6472,243720,315158,203200,268720,340158,228200
5449,218720,315158,228200,243720,340158,253200
6473,243720,315158,228200,268720,340158,253200
4391,193720,290158,178200,218720,315158,203200
5384,218720,265158,203200,243720,290158,228200
20807,593720,315158,178200,618720,340158,203200
13638,418720,315158,153200,443720,340158,178200
19815,568720,340158,178200,593720,365158,203200
15425,468720,115158,28200,493720,140158,53200
14472,443720,165158,203200,468720,190158,228200
5353,218720,240158,228200,243720,265158,253200
4329,193720,240158,228200,218720,265158,253200
4328,193720,240158,203200,218720,265158,228200
7333,268720,190158,128200,293720,215158,153200
15555,468720,215158,78200,493720,240158,103200
28870,793720,215158,153200,818720,240158,178200
29893,818720,215158,128200,843720,240158,153200
29892,818720,215158,103200,843720,240158,128200
30916,843720,215158,103200,868720,240158,128200
27847,768720,215158,178200,793720,240158,203200
13576,418720,265158,203200,443720,290158,228200
13544,418720,240158,203200,443720,265158,228200
5415,218720,290158,178200,243720,315158,203200
7529,268720,340158,228200,293720,365158,253200
18528,543720,140158,3200,568720,165158,28200
21570,618720,115158,53200,643720,140158,78200
8487,293720,290158,178200,318720,315158,203200
28997,793720,315158,128200,818720,340158,153200
28996,793720,315158,103200,818720,340158,128200
13537,418720,240158,28200,443720,265158,53200
27878,768720,240158,153200,793720,265158,178200
27877,768720,240158,128200,793720,265158,153200
14408,443720,115158,203200,468720,140158,228200
7430,268720,265158,153200,293720,290158,178200
7429,268720,265158,128200,293720,290158,153200
7462,268720,290158,153200,293720,315158,178200
8486,293720,290158,153200,318720,315158,178200
16579,493720,215158,78200,518720,240158,103200
31077,843720,340158,128200,868720,365158,153200
31046,843720,315158,153200,868720,340158,178200
31045,843720,315158,128200,868720,340158,153200
31078,843720,340158,153200,868720,365158,178200
24777,693720,215158,228200,718720,240158,253200
24809,693720,240158,228200,718720,265158,253200
6341,243720,215158,128200,268720,240158,153200
22853,643720,315158,128200,668720,340158,153200
19552,568720,140158,3200,593720,165158,28200
19522,568720,115158,53200,593720,140158,78200
6375,243720,240158,178200,268720,265158,203200
13538,418720,240158,53200,443720,265158,78200
13569,418720,265158,28200,443720,290158,53200
24966,693720,365158,153200,718720,390158,178200
25990,718720,365158,153200,743720,390158,178200
25991,718720,365158,178200,743720,390158,203200
3365,168720,290158,128200,193720,315158,153200
3366,168720,290158,153200,193720,315158,178200
9513,318720,290158,228200,343720,315158,253200
9352,318720,165158,203200,343720,190158,228200
8361,293720,190158,228200,318720,215158,253200
28808,793720,165158,203200,818720,190158,228200
27942,768720,290158,153200,793720,315158,178200
5289,218720,190158,228200,243720,215158,253200
4265,193720,190158,228200,218720,215158,253200
11561,368720,290158,228200,393720,315158,253200
9542,318720,315158,153200,343720,340158,178200
8518,293720,315158,153200,318720,340158,178200
4357,193720,265158,128200,218720,290158,153200
4358,193720,265158,153200,218720,290158,178200
4360,193720,265158,203200,218720,290158,228200
5352,218720,240158,203200,243720,265158,228200
9576,318720,340158,203200,343720,365158,228200
10600,343720,340158,203200,368720,365158,228200
9607,318720,365158,178200,343720,390158,203200
23782,668720,240158,153200,693720,265158,178200
9353,318720,165158,228200,343720,190158,253200
8420,293720,240158,103200,318720,265158,128200
29864,818720,190158,203200,843720,215158,228200
5321,218720,215158,228200,243720,240158,253200
4297,193720,215158,228200,218720,240158,253200
6378,243720,240158,253200,268720,265158,278200
6346,243720,215158,253200,268720,240158,278200
28969,793720,290158,228200,818720,315158,253200
28937,793720,265158,228200,818720,290158,253200
3397,168720,315158,128200,193720,340158,153200
3398,168720,315158,153200,193720,340158,178200
6248,243720,140158,203200,268720,165158,228200
7273,268720,140158,228200,293720,165158,253200
5288,218720,190158,203200,243720,215158,228200
7336,268720,190158,203200,293720,215158,228200
26823,743720,215158,178200,768720,240158,203200
31108,843720,365158,103200,868720,390158,128200
26980,743720,340158,103200,768720,365158,128200
6441,243720,290158,228200,268720,315158,253200
8453,293720,265158,128200,318720,290158,153200
10534,343720,290158,153200,368720,315158,178200
10502,343720,265158,153200,368720,290158,178200
28837,793720,190158,128200,818720,215158,153200
4362,193720,265158,253200,218720,290158,278200
16641,493720,265158,28200,518720,290158,53200
12323,393720,90158,78200,418720,115158,103200
10474,343720,240158,253200,368720,265158,278200
12354,393720,115158,53200,418720,140158,78200
30052,818720,340158,103200,843720,365158,128200
29957,818720,265158,128200,843720,290158,153200
6503,243720,340158,178200,268720,365158,203200
7496,268720,315158,203200,293720,340158,228200
7527,268720,340158,178200,293720,365158,203200
25670,718720,115158,153200,743720,140158,178200
29064,793720,365158,203200,818720,390158,228200
4393,193720,290158,228200,218720,315158,253200
5417,218720,290158,228200,243720,315158,253200
8521,293720,315158,228200,318720,340158,253200
20838,593720,340158,153200,618720,365158,178200
9544,318720,315158,203200,343720,340158,228200
8551,293720,340158,178200,318720,365158,203200
7559,268720,365158,178200,293720,390158,203200
11593,368720,315158,228200,393720,340158,253200
5256,218720,165158,203200,243720,190158,228200
5320,218720,215158,203200,243720,240158,228200
6344,243720,215158,203200,268720,240158,228200
4296,193720,215158,203200,218720,240158,228200
4326,193720,240158,153200,218720,265158,178200
4325,193720,240158,128200,218720,265158,153200
5349,218720,240158,128200,243720,265158,153200
6438,243720,290158,153200,268720,315158,178200
7431,268720,265158,178200,293720,290158,203200
25988,718720,365158,103200,743720,390158,128200
30085,818720,365158,128200,843720,390158,153200
6247,243720,140158,178200,268720,165158,203200
14626,443720,290158,53200,468720,315158,78200
7368,268720,215158,203200,293720,240158,228200
8485,293720,290158,128200,318720,315158,153200
9541,318720,315158,128200,343720,340158,153200
9481,318720,265158,228200,343720,290158,253200
8583,293720,365158,178200,318720,390158,203200
16706,493720,315158,53200,518720,340158,78200
11303,368720,90158,178200,393720,115158,203200
8296,293720,140158,203200,318720,165158,228200
6440,243720,290158,203200,268720,315158,228200
12456,393720,190158,203200,418720,215158,228200
13480,418720,190158,203200,443720,215158,228200
5385,218720,265158,228200,243720,290158,253200
14692,443720,340158,103200,468720,365158,128200
15715,468720,340158,78200,493720,365158,103200
15683,468720,315158,78200,493720,340158,103200
15682,468720,315158,53200,493720,340158,78200
6376,243720,240158,203200,268720,265158,228200
8517,293720,315158,128200,318720,340158,153200
14374,443720,90158,153200,468720,115158,178200
7461,268720,290158,128200,293720,315158,153200
6437,243720,290158,128200,268720,315158,153200
25989,718720,365158,128200,743720,390158,153200
14627,443720,290158,78200,468720,315158,103200
17667,518720,265158,78200,543720,290158,103200
27016,743720,365158,203200,768720,390158,228200
24965,693720,365158,128200,718720,390158,153200
8357,293720,190158,128200,318720,215158,153200
10442,343720,215158,253200,368720,240158,278200
18592,543720,190158,3200,568720,215158,28200
6279,243720,165158,178200,268720,190158,203200
23587,668720,90158,78200,693720,115158,103200
14632,443720,290158,203200,468720,315158,228200
14664,443720,315158,203200,468720,340158,228200
13608,418720,290158,203200,443720,315158,228200
15688,468720,315158,203200,493720,340158,228200
10439,343720,215158,178200,368720,240158,203200
11432,368720,190158,203200,393720,215158,228200
22657,643720,165158,28200,668720,190158,53200
10377,343720,165158,228200,368720,190158,253200
7400,268720,240158,203200,293720,265158,228200
26819,743720,215158,78200,768720,240158,103200
6504,243720,340158,203200,268720,365158,228200
7495,268720,315158,178200,293720,340158,203200
7494,268720,315158,153200,293720,340158,178200
7466,268720,290158,253200,293720,315158,278200
8294,293720,140158,153200,318720,165158,178200
8329,293720,165158,228200,318720,190158,253200
29926,818720,240158,153200,843720,265158,178200
9545,318720,315158,228200,343720,340158,253200
29060,793720,365158,103200,818720,390158,128200
30083,818720,365158,78200,843720,390158,103200
32069,868720,315158,128200,893720,340158,153200
9411,318720,215158,78200,343720,240158,103200
8553,293720,340158,228200,318720,365158,253200
16545,493720,190158,28200,518720,215158,53200
29959,818720,265158,178200,843720,290158,203200
6310,243720,190158,153200,268720,215158,178200
6278,243720,165158,153200,268720,190158,178200
28040,768720,365158,203200,793720,390158,228200
29863,818720,190158,178200,843720,215158,203200
17704,518720,290158,203200,543720,315158,228200
5382,218720,265158,153200,243720,290158,178200
6407,243720,265158,178200,268720,290158,203200
24712,693720,165158,203200,718720,190158,228200
18502,543720,115158,153200,568720,140158,178200
19526,568720,115158,153200,593720,140158,178200
22566,643720,90158,153200,668720,115158,178200
17569,518720,190158,28200,543720,215158,53200
29896,818720,215158,203200,843720,240158,228200
4330,193720,240158,253200,218720,265158,278200
17413,518720,65158,128200,543720,90158,153200
17414,518720,65158,153200,543720,90158,178200
17634,518720,240158,53200,543720,265158,78200
15363,468720,65158,78200,493720,90158,103200
11331,368720,115158,78200,393720,140158,103200
5418,218720,290158,253200,243720,315158,278200
29062,793720,365158,153200,818720,390158,178200
29029,793720,340158,128200,818720,365158,153200
30051,818720,340158,78200,843720,365158,103200
6505,243720,340158,228200,268720,365158,253200
4392,193720,290158,203200,218720,315158,228200
4421,193720,315158,128200,218720,340158,153200
4422,193720,315158,153200,218720,340158,178200
13504,418720,215158,3200,443720,240158,28200
5318,218720,215158,153200,243720,240158,178200
3271,168720,215158,178200,193720,240158,203200
28873,793720,215158,228200,818720,240158,253200
4327,193720,240158,178200,218720,265158,203200
4359,193720,265158,178200,218720,290158,203200
30949,843720,240158,128200,868720,265158,153200
5255,218720,165158,178200,243720,190158,203200
31015,843720,290158,178200,868720,315158,203200
23876,668720,315158,103200,693720,340158,128200
4361,193720,265158,228200,218720,290158,253200
30952,843720,240158,203200,868720,265158,228200
30920,843720,215158,203200,868720,240158,228200
30919,843720,215158,178200,868720,240158,203200
31044,843720,315158,103200,868720,340158,128200
32068,868720,315158,103200,893720,340158,128200
32036,868720,290158,103200,893720,315158,128200
14658,443720,315158,53200,468720,340158,78200
15681,468720,315158,28200,493720,340158,53200
5354,218720,240158,253200,243720,265158,278200
27046,743720,390158,153200,768720,415158,178200
9543,318720,315158,178200,343720,340158,203200
30983,843720,265158,178200,868720,290158,203200
28931,793720,265158,78200,818720,290158,103200
29955,818720,265158,78200,843720,290158,103200
29956,818720,265158,103200,843720,290158,128200
30117,818720,390158,128200,843720,415158,153200
21827,618720,315158,78200,643720,340158,103200
17536,518720,165158,3200,543720,190158,28200
28838,793720,190158,153200,818720,215158,178200
16681,493720,290158,228200,518720,315158,253200
4390,193720,290158,153200,218720,315158,178200
22856,643720,315158,203200,668720,340158,228200
20680,593720,215158,203200,618720,240158,228200
20648,593720,190158,203200,618720,215158,228200
23713,668720,190158,28200,693720,215158,53200
295,93720,290158,178200,118720,315158,203200
1319,118720,290158,178200,143720,315158,203200
1351,118720,315158,178200,143720,340158,203200
2343,143720,290158,178200,168720,315158,203200
20640,593720,190158,3200,618720,215158,28200
25736,718720,165158,203200,743720,190158,228200
20839,593720,340158,178200,618720,365158,203200
8452,293720,265158,103200,318720,290158,128200
8549,293720,340158,128200,318720,365158,153200
22562,643720,90158,53200,668720,115158,78200
28902,793720,240158,153200,818720,265158,178200
20736,593720,265158,3200,618720,290158,28200
8389,293720,215158,128200,318720,240158,153200
28867,793720,215158,78200,818720,240158,103200
28868,793720,215158,103200,818720,240158,128200
20770,593720,290158,53200,618720,315158,78200
19745,568720,290158,28200,593720,315158,53200
15592,468720,240158,203200,493720,265158,228200
5257,218720,165158,228200,243720,190158,253200
27047,743720,390158,178200,768720,415158,203200
7526,268720,340158,153200,293720,365158,178200
29894,818720,215158,153200,843720,240158,178200
2247,143720,215158,178200,168720,240158,203200
21542,618720,90158,153200,643720,115158,178200
20608,593720,165158,3200,618720,190158,28200
5383,218720,265158,178200,243720,290158,203200
14401,443720,115158,28200,468720,140158,53200
13506,418720,215158,53200,443720,240158,78200
29831,818720,165158,178200,843720,190158,203200
9574,318720,340158,153200,343720,365158,178200
32070,868720,315158,153200,893720,340158,178200
19688,568720,240158,203200,593720,265158,228200
21608,618720,140158,203200,643720,165158,228200
10566,343720,315158,153200,368720,340158,178200
31011,843720,290158,78200,868720,315158,103200
30018,818720,315158,53200,843720,340158,78200
28994,793720,315158,53200,818720,340158,78200
30021,818720,315158,128200,843720,340158,153200
24745,693720,190158,228200,718720,215158,253200
25769,718720,190158,228200,743720,215158,253200
26793,743720,190158,228200,768720,215158,253200
26825,743720,215158,228200,768720,240158,253200
3429,168720,340158,128200,193720,365158,153200
4453,193720,340158,128200,218720,365158,153200
4452,193720,340158,103200,218720,365158,128200
4484,193720,365158,103200,218720,390158,128200
20837,593720,340158,128200,618720,365158,153200
29860,818720,190158,103200,843720,215158,128200
7493,268720,315158,128200,293720,340158,153200
8362,293720,190158,253200,318720,215158,278200
28071,768720,390158,178200,793720,415158,203200
31013,843720,290158,128200,868720,315158,153200
30981,843720,265158,128200,868720,290158,153200
32004,868720,265158,103200,893720,290158,128200
29923,818720,240158,78200,843720,265158,103200
5286,218720,190158,153200,243720,215158,178200
6309,243720,190158,128200,268720,215158,153200
5254,218720,165158,153200,243720,190158,178200
32005,868720,265158,128200,893720,290158,153200
29027,793720,340158,78200,818720,365158,103200
31012,843720,290158,103200,868720,315158,128200
27750,768720,140158,153200,793720,165158,178200
29989,818720,290158,128200,843720,315158,153200
14528,443720,215158,3200,468720,240158,28200
31140,843720,390158,103200,868720,415158,128200
30116,818720,390158,103200,843720,415158,128200
10371,343720,165158,78200,368720,190158,103200
30917,843720,215158,128200,868720,240158,153200
28899,793720,240158,78200,818720,265158,103200
8295,293720,140158,178200,318720,165158,203200
30056,818720,340158,203200,843720,365158,228200
7498,268720,315158,253200,293720,340158,278200
6410,243720,265158,253200,268720,290158,278200
6405,243720,265158,128200,268720,290158,153200
5351,218720,240158,178200,243720,265158,203200
10506,343720,265158,253200,368720,290158,278200
29092,793720,390158,103200,818720,415158,128200
32037,868720,290158,128200,893720,315158,153200
27945,768720,290158,228200,793720,315158,253200
5381,218720,265158,128200,243720,290158,153200
28963,793720,290158,78200,818720,315158,103200
31047,843720,315158,178200,868720,340158,203200
28962,793720,290158,53200,818720,315158,78200
18786,543720,340158,53200,568720,365158,78200
19777,568720,315158,28200,593720,340158,53200
20802,593720,315158,53200,618720,340158,78200
19810,568720,340158,53200,593720,365158,78200
4264,193720,190158,203200,218720,215158,228200
19811,568720,340158,78200,593720,365158,103200
2438,143720,365158,153200,168720,390158,178200
16739,493720,340158,78200,518720,365158,103200
30084,818720,365158,103200,843720,390158,128200
14660,443720,315158,103200,468720,340158,128200
14659,443720,315158,78200,468720,340158,103200
6474,243720,315158,253200,268720,340158,278200
6506,243720,340158,253200,268720,365158,278200
20776,593720,290158,203200,618720,315158,228200
17671,518720,265158,178200,543720,290158,203200
21831,618720,315158,178200,643720,340158,203200
13669,418720,340158,128200,443720,365158,153200
29059,793720,365158,78200,818720,390158,103200
12450,393720,190158,53200,418720,215158,78200
19591,568720,165158,178200,593720,190158,203200
30984,843720,265158,203200,868720,290158,228200
31016,843720,290158,203200,868720,315158,228200
15456,468720,140158,3200,493720,165158,28200
2437,143720,365158,128200,168720,390158,153200
3462,168720,365158,153200,193720,390158,178200
3461,168720,365158,128200,193720,390158,153200
2246,143720,215158,153200,168720,240158,178200
3270,168720,215158,153200,193720,240158,178200
28836,793720,190158,103200,818720,215158,128200
28835,793720,190158,78200,818720,215158,103200
6502,243720,340158,153200,268720,365158,178200
17632,518720,240158,3200,543720,265158,28200
30982,843720,265158,153200,868720,290158,178200
4295,193720,215158,178200,218720,240158,203200
29832,818720,165158,203200,843720,190158,228200
29862,818720,190158,153200,843720,215158,178200
5450,218720,315158,253200,243720,340158,278200
16487,493720,140158,178200,518720,165158,203200
20744,593720,265158,203200,618720,290158,228200
3430,168720,340158,153200,193720,365158,178200
3239,168720,190158,178200,193720,215158,203200
24967,693720,365158,178200,718720,390158,203200
30918,843720,215158,153200,868720,240158,178200
31974,868720,240158,153200,893720,265158,178200
31973,868720,240158,128200,893720,265158,153200
29924,818720,240158,103200,843720,265158,128200
5350,218720,240158,153200,243720,265158,178200
17510,518720,140158,153200,543720,165158,178200
13636,418720,315158,103200,443720,340158,128200
14691,443720,340158,78200,468720,365158,103200
17763,518720,340158,78200,543720,365158,103200
20835,593720,340158,78200,618720,365158,103200
20836,593720,340158,103200,618720,365158,128200
13635,418720,315158,78200,443720,340158,103200
2501,143720,415158,128200,168720,440158,153200
2502,143720,415158,153200,168720,440158,178200
31043,843720,315158,78200,868720,340158,103200
28070,768720,390158,153200,793720,415158,178200
26022,718720,390158,153200,743720,415158,178200
29829,818720,165158,128200,843720,190158,153200
15463,468720,140158,178200,493720,165158,203200
5322,218720,215158,253200,243720,240158,278200
2310,143720,265158,153200,168720,290158,178200
3334,168720,265158,153200,193720,290158,178200
5481,218720,340158,228200,243720,365158,253200
1350,118720,315158,153200,143720,340158,178200
2374,143720,315158,153200,168720,340158,178200
2342,143720,290158,153200,168720,315158,178200
20485,593720,65158,128200,618720,90158,153200
32101,868720,340158,128200,893720,365158,153200
32100,868720,340158,103200,893720,365158,128200
30053,818720,340158,128200,843720,365158,153200
1477,118720,415158,128200,143720,440158,153200
1478,118720,415158,153200,143720,440158,178200
3302,168720,240158,153200,193720,265158,178200
10533,343720,290158,128200,368720,315158,153200
12521,393720,240158,228200,418720,265158,253200
5290,218720,190158,253200,243720,215158,278200
22887,643720,340158,178200,668720,365158,203200
32038,868720,290158,153200,893720,315158,178200
4263,193720,190158,178200,218720,215158,203200
422,93720,390158,153200,118720,415158,178200
1446,118720,390158,153200,143720,415158,178200
1318,118720,290158,153200,143720,315158,178200
5386,218720,265158,253200,243720,290158,278200
28995,793720,315158,78200,818720,340158,103200
1382,118720,340158,153200,143720,365158,178200
2406,143720,340158,153200,168720,365158,178200
12294,393720,65158,153200,418720,90158,178200
8522,293720,315158,253200,318720,340158,278200
17445,518720,90158,128200,543720,115158,153200
17446,518720,90158,153200,543720,115158,178200
16422,493720,90158,153200,518720,115158,178200
31109,843720,365158,128200,868720,390158,153200
5480,218720,340158,203200,243720,365158,228200
4388,193720,290158,103200,218720,315158,128200
5380,218720,265158,103200,243720,290158,128200
4262,193720,190158,153200,218720,215158,178200
1255,118720,240158,178200,143720,265158,203200
2279,143720,240158,178200,168720,265158,203200
9608,318720,365158,203200,343720,390158,228200
16713,493720,315158,228200,518720,340158,253200
29891,818720,215158,78200,843720,240158,103200
11426,368720,190158,53200,393720,215158,78200
17729,518720,315158,28200,543720,340158,53200
5479,218720,340158,178200,243720,365158,203200
3333,168720,265158,128200,193720,290158,153200
30054,818720,340158,153200,843720,365158,178200
3493,168720,390158,128200,193720,415158,153200
3492,168720,390158,103200,193720,415158,128200
15398,468720,90158,153200,493720,115158,178200
31075,843720,340158,78200,868720,365158,103200
17504,518720,140158,3200,543720,165158,28200
28037,768720,365158,128200,793720,390158,153200
9577,318720,340158,228200,343720,365158,253200
29988,818720,290158,103200,843720,315158,128200
30886,843720,190158,153200,868720,215158,178200
15649,468720,290158,28200,493720,315158,53200
10344,343720,140158,203200,368720,165158,228200
31014,843720,290158,153200,868720,315158,178200
13639,418720,315158,178200,443720,340158,203200
28905,793720,240158,228200,818720,265158,253200
27817,768720,190158,228200,793720,215158,253200
7561,268720,365158,228200,293720,390158,253200
5253,218720,165158,128200,243720,190158,153200
2469,143720,390158,128200,168720,415158,153200
2470,143720,390158,153200,168720,415158,178200
1509,118720,440158,128200,143720,465158,153200
30948,843720,240158,103200,868720,265158,128200
30884,843720,190158,103200,868720,215158,128200
30915,843720,215158,78200,868720,240158,103200
1445,118720,390158,128200,143720,415158,153200
3525,168720,415158,128200,193720,440158,153200
32006,868720,265158,153200,893720,290158,178200
358,93720,340158,153200,118720,365158,178200
359,93720,340158,178200,118720,365158,203200
1383,118720,340158,178200,143720,365158,203200
10279,343720,90158,178200,368720,115158,203200
9350,318720,165158,153200,343720,190158,178200
1381,118720,340158,128200,143720,365158,153200
9508,318720,290158,103200,343720,315158,128200
28804,793720,165158,103200,818720,190158,128200
28805,793720,165158,128200,818720,190158,153200
10538,343720,290158,253200,368720,315158,278200
25865,718720,265158,228200,743720,290158,253200
17607,518720,215158,178200,543720,240158,203200
23912,668720,340158,203200,693720,365158,228200
14694,443720,340158,153200,468720,365158,178200
4425,193720,315158,228200,218720,340158,253200
1413,118720,365158,128200,143720,390158,153200
454,93720,415158,153200,118720,440158,178200
2215,143720,190158,178200,168720,215158,203200
2405,143720,340158,128200,168720,365158,153200
25992,718720,365158,203200,743720,390158,228200
2341,143720,290158,128200,168720,315158,153200
27849,768720,215158,228200,793720,240158,253200
4485,193720,365158,128200,218720,390158,153200
24612,693720,90158,103200,718720,115158,128200
3460,168720,365158,103200,193720,390158,128200
8484,293720,290158,103200,318720,315158,128200
4356,193720,265158,103200,218720,290158,128200
9348,318720,165158,103200,343720,190158,128200
8585,293720,365158,228200,318720,390158,253200
29001,793720,315158,228200,818720,340158,253200
4261,193720,190158,128200,218720,215158,153200
24964,693720,365158,103200,718720,390158,128200
29925,818720,240158,128200,843720,265158,153200
10501,343720,265158,128200,368720,290158,153200
2373,143720,315158,128200,168720,340158,153200
3335,168720,265158,178200,193720,290158,203200
8330,293720,165158,253200,318720,190158,278200
27875,768720,240158,78200,793720,265158,103200
30950,843720,240158,153200,868720,265158,178200
17605,518720,215158,128200,543720,240158,153200
15365,468720,65158,128200,493720,90158,153200
27971,768720,315158,78200,793720,340158,103200
27970,768720,315158,53200,793720,340158,78200
11557,368720,290158,128200,393720,315158,153200
13351,418720,90158,178200,443720,115158,203200
16673,493720,290158,28200,518720,315158,53200
12585,393720,290158,228200,418720,315158,253200
7270,268720,140158,153200,293720,165158,178200
29828,818720,165158,103200,843720,190158,128200
13346,418720,90158,53200,443720,115158,78200
17412,518720,65158,103200,543720,90158,128200
17762,518720,340158,53200,543720,365158,78200
17797,518720,365158,128200,543720,390158,153200
16648,493720,265158,203200,518720,290158,228200
4394,193720,290158,253200,218720,315158,278200
26023,718720,390158,178200,743720,415158,203200
23618,668720,115158,53200,693720,140158,78200
11522,368720,265158,53200,393720,290158,78200
10410,343720,190158,253200,368720,215158,278200
13536,418720,240158,3200,443720,265158,28200
21760,618720,265158,3200,643720,290158,28200
327,93720,315158,178200,118720,340158,203200
27012,743720,365158,103200,768720,390158,128200
27977,768720,315158,228200,793720,340158,253200
1287,118720,265158,178200,143720,290158,203200
2311,143720,265158,178200,168720,290158,203200
29091,793720,390158,78200,818720,415158,103200
6249,243720,140158,228200,268720,165158,253200
30980,843720,265158,103200,868720,290158,128200
28841,793720,190158,228200,818720,215158,253200
26727,743720,140158,178200,768720,165158,203200
26726,743720,140158,153200,768720,165158,178200
11590,368720,315158,153200,393720,340158,178200
29061,793720,365158,128200,818720,390158,153200
16389,493720,65158,128200,518720,90158,153200
16390,493720,65158,153200,518720,90158,178200
18438,543720,65158,153200,568720,90158,178200
18437,543720,65158,128200,568720,90158,153200
18470,543720,90158,153200,568720,115158,178200
7530,268720,340158,253200,293720,365158,278200
8554,293720,340158,253200,318720,365158,278200
14592,443720,265158,3200,468720,290158,28200
12449,393720,190158,28200,418720,215158,53200
19489,568720,90158,28200,593720,115158,53200
27751,768720,140158,178200,793720,165158,203200
17600,518720,215158,3200,543720,240158,28200
30885,843720,190158,128200,868720,215158,153200
30853,843720,165158,128200,868720,190158,153200
25763,718720,190158,78200,743720,215158,103200
26756,743720,165158,103200,768720,190158,128200
19559,568720,140158,178200,593720,165158,203200
3238,168720,190158,153200,193720,215158,178200
19460,568720,65158,103200,593720,90158,128200
15431,468720,115158,178200,493720,140158,203200
9285,318720,115158,128200,343720,140158,153200
31941,868720,215158,128200,893720,240158,153200
18729,543720,290158,228200,568720,315158,253200
31972,868720,240158,103200,893720,265158,128200
9573,318720,340158,128200,343720,365158,153200
30979,843720,265158,78200,868720,290158,103200
19744,568720,290158,3200,593720,315158,28200
17665,518720,265158,28200,543720,290158,53200
4420,193720,315158,103200,218720,340158,128200
32102,868720,340158,153200,893720,365158,178200
31110,843720,365158,153200,868720,390158,178200
4298,193720,215158,253200,218720,240158,278200
14695,443720,340158,178200,468720,365158,203200
25955,718720,340158,78200,743720,365158,103200
5225,218720,140158,228200,243720,165158,253200
13668,418720,340158,103200,443720,365158,128200
15714,468720,340158,53200,493720,365158,78200
28930,793720,265158,53200,818720,290158,78200
5477,218720,340158,128200,243720,365158,153200
3336,168720,265158,203200,193720,290158,228200
16388,493720,65158,103200,518720,90158,128200
31942,868720,215158,153200,893720,240158,178200
24707,693720,165158,78200,718720,190158,103200
9476,318720,265158,103200,343720,290158,128200
16738,493720,340158,53200,518720,365158,78200
16705,493720,315158,28200,518720,340158,53200
17697,518720,290158,28200,543720,315158,53200
6277,243720,165158,128200,268720,190158,153200
18496,543720,115158,3200,568720,140158,28200
26979,743720,340158,78200,768720,365158,103200
5224,218720,140158,203200,243720,165158,228200
18821,543720,365158,128200,568720,390158,153200
13670,418720,340158,153200,443720,365158,178200
18822,543720,365158,153200,568720,390158,178200
19845,568720,365158,128200,593720,390158,153200
18465,543720,90158,28200,568720,115158,53200
30947,843720,240158,78200,868720,265158,103200
3303,168720,240158,178200,193720,265158,203200
20808,593720,315158,203200,618720,340158,228200
18436,543720,65158,103200,568720,90158,128200
19844,568720,365158,103200,593720,390158,128200
28003,768720,340158,78200,793720,365158,103200
29026,793720,340158,53200,818720,365158,78200
28002,768720,340158,53200,793720,365158,78200
10339,343720,140158,78200,368720,165158,103200
30115,818720,390158,78200,843720,415158,103200
7306,268720,165158,253200,293720,190158,278200
4232,193720,165158,203200,218720,190158,228200
15520,468720,190158,3200,493720,215158,28200
5348,218720,240158,103200,243720,265158,128200
326,93720,315158,153200,118720,340158,178200
18820,543720,365158,103200,568720,390158,128200
14690,443720,340158,53200,468720,365158,78200
4233,193720,165158,228200,218720,190158,253200
8297,293720,140158,228200,318720,165158,253200
4516,193720,390158,103200,218720,415158,128200
4424,193720,315158,203200,218720,340158,228200
31141,843720,390158,128200,868720,415158,153200
10276,343720,90158,103200,368720,115158,128200
29859,818720,190158,78200,843720,215158,103200
6469,243720,315158,128200,268720,340158,153200
21569,618720,115158,28200,643720,140158,53200
294,93720,290158,153200,118720,315158,178200
20576,593720,140158,3200,618720,165158,28200
20518,593720,90158,153200,618720,115158,178200
1286,118720,265158,153200,143720,290158,178200
3301,168720,240158,128200,193720,265158,153200
2278,143720,240158,153200,168720,265158,178200
9354,318720,165158,253200,343720,190158,278200
3272,168720,215158,203200,193720,240158,228200
7428,268720,265158,103200,293720,290158,128200
17737,518720,315158,228200,543720,340158,253200
31048,843720,315158,203200,868720,340158,228200
29093,793720,390158,128200,818720,415158,153200
3428,168720,340158,103200,193720,365158,128200
29986,818720,290158,53200,843720,315158,78200
10598,343720,340158,153200,368720,365158,178200
8325,293720,165158,128200,318720,190158,153200
3304,168720,240158,203200,193720,265158,228200
4423,193720,315158,178200,218720,340158,203200
21576,618720,115158,203200,643720,140158,228200
22852,643720,315158,103200,668720,340158,128200
15488,468720,165158,3200,493720,190158,28200
9514,318720,290158,253200,343720,315158,278200
25732,718720,165158,103200,743720,190158,128200
20768,593720,290158,3200,618720,315158,28200
13472,418720,190158,3200,443720,215158,28200
24679,693720,140158,178200,718720,165158,203200
22728,643720,215158,203200,668720,240158,228200
20834,593720,340158,53200,618720,365158,78200
31107,843720,365158,78200,868720,390158,103200
3305,168720,240158,228200,193720,265158,253200
2375,143720,315158,178200,168720,340158,203200
18696,543720,265158,203200,568720,290158,228200
3494,168720,390158,153200,193720,415158,178200
28035,768720,365158,78200,793720,390158,103200
28036,768720,365158,103200,793720,390158,128200
453,93720,415158,128200,118720,440158,153200
4198,193720,140158,153200,218720,165158,178200
27045,743720,390158,128200,768720,415158,153200
9317,318720,140158,128200,343720,165158,153200
7396,268720,240158,103200,293720,265158,128200
24931,693720,340158,78200,718720,365158,103200
4517,193720,390158,128200,218720,415158,153200
13602,418720,290158,53200,443720,315158,78200
27881,768720,240158,228200,793720,265158,253200
6282,243720,165158,253200,268720,190158,278200
29830,818720,165158,153200,843720,190158,178200
30854,843720,165158,153200,868720,190158,178200
4266,193720,190158,253200,218720,215158,278200
17637,518720,240158,128200,543720,265158,153200
5478,218720,340158,153200,243720,365158,178200
5222,218720,140158,153200,243720,165158,178200
3526,168720,415158,153200,193720,440158,178200
22752,643720,240158,3200,668720,265158,28200
16584,493720,215158,203200,518720,240158,228200
27843,768720,215158,78200,793720,240158,103200
30888,843720,190158,203200,868720,215158,228200
11269,368720,65158,128200,393720,90158,153200
2214,143720,190158,153200,168720,215158,178200
20769,593720,290158,28200,618720,315158,53200
2309,143720,265158,128200,168720,290158,153200
3337,168720,265158,228200,193720,290158,253200
16455,493720,115158,178200,518720,140158,203200
5476,218720,340158,103200,243720,365158,128200
3367,168720,290158,178200,193720,315158,203200
17478,518720,115158,153200,543720,140158,178200
1254,118720,240158,153200,143720,265158,178200
19656,568720,215158,203200,593720,240158,228200
7558,268720,365158,153200,293720,390158,178200
12513,393720,240158,28200,418720,265158,53200
26725,743720,140158,128200,768720,165158,153200
6536,243720,365158,203200,268720,390158,228200
7301,268720,165158,128200,293720,190158,153200
421,93720,390158,128200,118720,415158,153200
1223,118720,215158,178200,143720,240158,203200
5223,218720,140158,178200,243720,165158,203200
31940,868720,215158,103200,893720,240158,128200
26857,743720,240158,228200,768720,265158,253200
3269,168720,215158,128200,193720,240158,153200
7364,268720,215158,103200,293720,240158,128200
17768,518720,340158,203200,543720,365158,228200
19720,568720,265158,203200,593720,290158,228200
21665,618720,190158,28200,643720,215158,53200
18785,543720,340158,28200,568720,365158,53200
6535,243720,365158,178200,268720,390158,203200
7460,268720,290158,103200,293720,315158,128200
16387,493720,65158,78200,518720,90158,103200
19624,568720,190158,203200,593720,215158,228200
26882,743720,265158,53200,768720,290158,78200
4199,193720,140158,178200,218720,165158,203200
8388,293720,215158,103200,318720,240158,128200
22817,643720,290158,28200,668720,315158,53200
26021,718720,390158,128200,743720,415158,153200
10312,343720,115158,203200,368720,140158,228200
16552,493720,190158,203200,518720,215158,228200
24706,693720,165158,53200,718720,190158,78200
19459,568720,65158,78200,593720,90158,103200
24769,693720,215158,28200,718720,240158,53200
8582,293720,365158,153200,318720,390158,178200
7525,268720,340158,128200,293720,365158,153200
11530,368720,265158,253200,393720,290158,278200
